{"stats":{"minecraft:killed":{"soulsweapons:night_shade":5,"minecraft:cave_spider":2,"minecraft:spider":6,"minecraft:skeleton":36,"soulsweapons:evil_forlorn":3,"minecraft:piglin_brute":13,"artifacts:mimic":1,"minecraft:magma_cube":53,"minecraft:piglin":24,"minecraft:creeper":2,"minecraft:pillager":4,"minecraft:zombie":16,"minecraft:ghast":2,"minecraft:blaze":5,"minecraft:husk":5,"soulsweapons:draugr_boss":1,"naturalist:butterfly":1,"minecraft:frog":2,"minecraft:hoglin":1},"minecraft:mined":{"minecraft:large_amethyst_bud":1,"minecraft:spruce_planks":3,"minecraft:jungle_slab":1,"minecraft:cobblestone_stairs":1,"minecraft:obsidian":3,"minecraft:granite":32,"minecraft:budding_amethyst":1,"minecraft:grass_block":7,"minecraft:cracked_polished_blackstone_bricks":18,"minecraft:polished_blackstone_brick_slab":6,"supplementaries:blaze_rod":4,"minecraft:nether_wart":2,"minecraft:gilded_blackstone":6,"minecraft:spawner":4,"minecraft:polished_blackstone_bricks":19,"minecraft:magma_block":3,"minecraft:iron_ore":91,"minecraft:fire":3,"supplementaries:stick":3,"minecraft:blackstone":28,"soulsweapons:verglas_ore_deepslate":6,"minecraft:medium_amethyst_bud":1,"minecraft:soul_fire":14,"minecraft:amethyst_cluster":2,"minecraft:torch":11,"minecraft:note_block":1,"minecraft:blast_furnace":6,"minecraft:calcite":4,"supplementaries:wild_flax":1,"minecraft:nether_quartz_ore":5,"minecraft:cobblestone":8,"minecraft:cyan_bed":1,"minecraft:wall_torch":12,"minecraft:amethyst_block":3,"minecraft:skeleton_skull":1,"minecraft:wheat":42,"minecraft:grass":4,"minecraft:oak_log":26,"minecraft:beetroots":1,"minecraft:sand":6,"minecraft:dirt":11,"minecraft:smooth_basalt":4,"minecraft:netherrack":1513,"minecraft:ancient_debris":11,"minecraft:oak_leaves":2,"minecraft:deepslate":323,"minecraft:emerald_block":1,"minecraft:nether_gold_ore":6,"minecraft:diamond_ore":4,"minecraft:tuff":24,"minecraft:deepslate_diamond_ore":47,"minecraft:jungle_planks":3,"ecologics:coconut_log":8,"minecraft:large_fern":1,"minecraft:hay_block":2,"minecraft:furnace":5,"minecraft:carrots":12,"minecraft:andesite":48,"minecraft:gold_block":43,"soulsweapons:moonstone_ore_deepslate":20,"minecraft:potatoes":65,"minecraft:deepslate_iron_ore":26,"minecraft:stone":364,"minecraft:smithing_table":1,"minecraft:soul_sand":13,"minecraft:basalt":9,"minecraft:polished_blackstone_brick_wall":3,"minecraft:crafting_table":5,"minecraft:emerald_ore":3,"minecraft:copper_ore":5,"minecraft:deepslate_coal_ore":5,"minecraft:deepslate_gold_ore":8,"minecraft:polished_blackstone_brick_stairs":7,"minecraft:diorite":27,"supplementaries:urn":24,"minecraft:sweet_berry_bush":17,"minecraft:coal_ore":138,"minecraft:gravel":18,"minecraft:lodestone":2,"minecraft:cobweb":11,"minecraft:cracked_stone_bricks":1,"minecraft:polished_blackstone":3,"minecraft:polished_andesite":5,"minecraft:stone_bricks":1},"minecraft:broken":{"minecraft:stone_pickaxe":1,"minecraft:iron_pickaxe":2},"minecraft:used":{"mcdw:sword_dark_katana":14,"minecraft:chest":2,"minecraft:shield":3,"minecraft:iron_sword":15,"supplementaries:globe":2,"minecraft:carrot":33,"minecraft:obsidian":10,"minecraft:spruce_boat":1,"mcdw:crossbow_scatter_crossbow":16,"soulsweapons:draugr":16,"simplyswords:netherite_scythe":106,"minecraft:furnace":2,"minecraft:oak_sapling":1,"minecraft:egg":1,"minecraft:potato":48,"minecraft:diorite":7,"minecraft:diamond_boots":1,"minecraft:stone_pickaxe":340,"mcdw:pick_mountaineer_pick":5,"minecraft:oak_planks":14,"minecraft:ender_pearl":1,"minecraft:sand":2,"minecraft:blast_furnace":4,"simplyswords:iron_greathammer":2,"minecraft:cyan_bed":1,"minecraft:bread":32,"minecraft:gravel":6,"ecologics:coconut_slice":3,"minecraft:wooden_sword":17,"minecraft:smithing_table":1,"minecraft:andesite":38,"minecraft:oak_boat":2,"minecraft:bone_meal":60,"mcdw:crossbow_firebolt_thrower":27,"minecraft:stone_sword":58,"minecraft:flint_and_steel":1,"minecraft:spruce_planks":68,"minecraft:netherrack":29,"minecraft:stick":5,"minecraft:torch":99,"minecraft:dirt":11,"minecraft:anvil":1,"minecraft:diamond_helmet":1,"minecraft:granite":2,"minecraft:wooden_axe":1,"simplyswords:diamond_scythe":216,"mcdw:spear_whispering_spear":93,"minecraft:diamond_chestplate":1,"minecraft:blaze_rod":5,"minecraft:netherite_pickaxe":9,"minecraft:water_bucket":3,"minecraft:baked_potato":64,"soulsweapons:moonstone_pickaxe":355,"minecraft:polished_blackstone_bricks":2,"minecraft:gilded_blackstone":3,"mcdw:sword_the_starless_night":47,"minecraft:crafting_table":6,"supplementaries:bomb":1,"minecraft:spruce_log":1,"minecraft:smoker":2,"minecraft:diamond_pickaxe":1624,"minecraft:apple":1,"minecraft:cracked_polished_blackstone_bricks":1,"minecraft:iron_pickaxe":676,"minecraft:stone_axe":38,"minecraft:cobblestone":266,"minecraft:white_banner":1,"minecraft:bucket":4,"minecraft:diamond_leggings":1},"minecraft:picked_up":{"minecraft:wooden_axe":2,"minecraft:iron_chestplate":2,"minecraft:wheat":38,"soulsweapons:lord_soul_dark":1,"minecraft:smithing_table":1,"minecraft:potion":2,"soulsweapons:moonstone":21,"minecraft:enchanted_book":1,"minecraft:gilded_blackstone":6,"minecraft:amethyst_block":4,"minecraft:polished_blackstone_brick_stairs":7,"minecraft:string":26,"minecraft:raw_copper":28,"minecraft:iron_leggings":1,"simplyswords:diamond_scythe":1,"minecraft:zombie_head":2,"minecraft:cobbled_deepslate":338,"minecraft:gold_nugget":51,"minecraft:spruce_planks":3,"minecraft:calcite":4,"minecraft:iron_pickaxe":1,"minecraft:furnace":5,"minecraft:polished_blackstone_brick_slab":3,"minecraft:stick":5,"minecraft:torch":42,"minecraft:golden_axe":1,"minecraft:pointed_dripstone":1,"minecraft:diorite":21,"minecraft:rotten_flesh":20,"supplementaries:antique_ink":3,"ecologics:coconut_log":9,"supplementaries:ash":33,"minecraft:blaze_rod":7,"minecraft:obsidian":2,"minecraft:cobblestone":382,"minecraft:magma_block":3,"minecraft:feather":5,"minecraft:andesite":41,"minecraft:potato":239,"minecraft:flint":10,"minecraft:tuff":24,"supplementaries:flax_seeds":7,"minecraft:dirt":24,"minecraft:leather_boots":1,"minecraft:bone":50,"minecraft:wheat_seeds":255,"minecraft:raw_gold":11,"minecraft:diamond_helmet":2,"minecraft:oak_planks":1,"minecraft:poisonous_potato":1,"minecraft:jungle_planks":3,"minecraft:sand":5,"minecraft:cyan_bed":1,"naturalist:duck_egg":2,"minecraft:jungle_slab":1,"minecraft:polished_andesite":5,"minecraft:diamond":51,"minecraft:spruce_boat":1,"artifacts:crystal_heart":1,"minecraft:cracked_polished_blackstone_bricks":17,"minecraft:granite":32,"soulsweapons:verglas":6,"minecraft:bread":1,"minecraft:emerald":13,"minecraft:oak_sapling":1,"minecraft:netherrack":815,"minecraft:crafting_table":5,"minecraft:gold_block":42,"soulsweapons:forlorn_leggings":2,"minecraft:flint_and_steel":1,"minecraft:blackstone":22,"minecraft:cracked_stone_bricks":2,"minecraft:oak_boat":3,"minecraft:iron_nugget":41,"minecraft:egg":2,"minecraft:raw_iron":122,"ecologics:coconut_slice":4,"minecraft:note_block":1,"minecraft:polished_blackstone_bricks":18,"minecraft:carrot":57,"minecraft:stone_pressure_plate":2,"minecraft:arrow":28,"minecraft:beetroot_seeds":9,"minecraft:jungle_stairs":1,"minecraft:diamond_boots":1,"minecraft:hay_block":2,"artifacts:running_shoes":1,"soulsweapons:draugr":2,"minecraft:polished_blackstone":2,"minecraft:skeleton_skull":2,"minecraft:basalt":8,"minecraft:leather":2,"soulsweapons:essence_of_eventide":1,"minecraft:oak_log":26,"minecraft:ancient_debris":9,"minecraft:golden_boots":2,"minecraft:gunpowder":3,"minecraft:cobblestone_stairs":1,"minecraft:white_banner":3,"minecraft:stone_bricks":1,"minecraft:gray_carpet":1,"minecraft:soul_sand":3,"minecraft:iron_sword":1,"minecraft:smooth_basalt":4,"minecraft:emerald_block":1,"minecraft:sweet_berries":31,"minecraft:quartz":5,"minecraft:gravel":32,"mcdw:sword_the_starless_night":1,"minecraft:amethyst_shard":8,"minecraft:blast_furnace":6,"minecraft:spruce_log":1,"minecraft:spider_eye":2,"minecraft:stone_axe":1,"minecraft:iron_helmet":1,"minecraft:polished_blackstone_brick_wall":3,"minecraft:lodestone":1,"mcda:red_mystery_armor_leggings":1,"minecraft:coal":175},"minecraft:crafted":{"minecraft:smooth_stone":6,"minecraft:oak_planks":104,"mcdw:sword_dark_katana":1,"usefulbackpacks:backpack_small":1,"minecraft:stone":6,"minecraft:diamond_helmet":1,"minecraft:diamond_leggings":1,"minecraft:iron_boots":1,"minecraft:chest":2,"mcdw:spear_whispering_spear":1,"minecraft:smoker":2,"minecraft:crafting_table":2,"minecraft:spruce_planks":256,"minecraft:iron_helmet":1,"minecraft:baked_potato":106,"mcdw:sword_obsidian_claymore":1,"simplyswords:netherite_scythe":1,"mcdw:sword_the_starless_night":1,"minecraft:iron_chestplate":1,"minecraft:diamond_pickaxe":2,"minecraft:stick":64,"usefulbackpacks:backpack_large":1,"minecraft:iron_ingot":163,"minecraft:iron_pickaxe":4,"minecraft:iron_block":4,"minecraft:stone_sword":1,"minecraft:gold_ingot":11,"minecraft:netherite_ingot":2,"mcdw:sword_claymore":1,"minecraft:wooden_sword":1,"simplyswords:diamond_scythe":1,"minecraft:furnace":2,"minecraft:blast_furnace":2,"minecraft:bone_meal":120,"minecraft:stone_pickaxe":5,"mcdw:sword_broadsword":1,"minecraft:diamond_boots":1,"soulsweapons:moonstone_pickaxe":1,"usefulbackpacks:backpack_medium":1,"minecraft:spruce_boat":1,"minecraft:netherite_scrap":8,"minecraft:wheat":18,"minecraft:netherite_pickaxe":1,"minecraft:iron_sword":1,"minecraft:bucket":1,"minecraft:stone_axe":1,"mcdw:sword_katana":1,"minecraft:bread":18,"minecraft:air":0,"minecraft:oak_boat":1,"minecraft:wooden_axe":2,"minecraft:iron_leggings":1,"minecraft:anvil":1,"minecraft:torch":112,"mcdw:sword_masters_katana":1,"minecraft:diamond_chestplate":1},"minecraft:dropped":{"minecraft:iron_sword":1,"minecraft:soul_sand":2,"minecraft:baked_potato":48,"minecraft:diamond":30,"minecraft:leather":11,"minecraft:jungle_planks":2,"minecraft:cracked_stone_bricks":2,"minecraft:polished_blackstone_brick_wall":2,"minecraft:flint":9,"minecraft:cobblestone_stairs":1,"minecraft:dirt":4,"minecraft:netherite_scrap":2,"minecraft:polished_blackstone_brick_stairs":3,"minecraft:gold_nugget":24,"minecraft:wooden_sword":1,"minecraft:amethyst_shard":8,"minecraft:polished_blackstone_bricks":2,"minecraft:iron_pickaxe":2,"minecraft:white_wool":13,"minecraft:bone":4,"minecraft:gravel":25,"mcdw:sword_the_starless_night":1,"minecraft:stone_axe":2,"minecraft:blackstone":1,"minecraft:golden_chestplate":1,"minecraft:obsidian":4,"ecologics:coconut_log":1,"soulsweapons:moonstone":1,"minecraft:pointed_dripstone":2,"minecraft:rotten_flesh":11,"minecraft:carrot":11,"supplementaries:antique_ink":3,"mcda:red_mystery_armor_leggings":1,"supplementaries:flax_seeds":7,"supplementaries:ash":7,"minecraft:jungle_stairs":1,"minecraft:beetroot_seeds":16,"artifacts:panic_necklace":1,"minecraft:leather_boots":2,"soulsweapons:draugr":1,"minecraft:arrow":3,"soulsweapons:forlorn_leggings":2,"minecraft:golden_boots":1,"minecraft:iron_ingot":50,"minecraft:wheat_seeds":292,"minecraft:poisonous_potato":1,"minecraft:iron_helmet":1,"minecraft:cobblestone":1,"minecraft:granite":8,"minecraft:polished_andesite":5,"minecraft:diorite":11,"minecraft:wooden_axe":2,"minecraft:diamond_helmet":2,"minecraft:zombie_head":1,"minecraft:potion":3,"artifacts:crystal_heart":1,"minecraft:white_banner":1,"minecraft:string":34,"minecraft:gray_carpet":1,"minecraft:raw_copper":15,"minecraft:iron_boots":1,"minecraft:filled_map":2,"minecraft:diamond_chestplate":1,"minecraft:spruce_planks":6,"minecraft:iron_chestplate":1,"minecraft:andesite":3,"minecraft:oak_boat":1,"minecraft:stone_pressure_plate":2,"minecraft:spider_eye":2,"minecraft:diamond_boots":1,"simplyswords:diamond_scythe":1,"minecraft:stone_pickaxe":3},"minecraft:custom":{"minecraft:interact_with_crafting_table":50,"minecraft:open_barrel":24,"minecraft:leave_game":7,"minecraft:time_since_death":55848,"minecraft:sprint_one_cm":497047,"minecraft:damage_blocked_by_shield":90,"minecraft:drop":195,"minecraft:play_noteblock":1,"minecraft:talked_to_villager":1,"minecraft:play_time":353742,"minecraft:deaths":1,"minecraft:jump":4527,"minecraft:walk_on_water_one_cm":22308,"minecraft:interact_with_furnace":24,"minecraft:sleep_in_bed":8,"minecraft:damage_dealt":32861,"minecraft:crouch_one_cm":29619,"minecraft:interact_with_smoker":33,"minecraft:interact_with_smithing_table":6,"minecraft:mob_kills":190,"minecraft:interact_with_anvil":5,"minecraft:climb_one_cm":5301,"minecraft:walk_one_cm":660113,"minecraft:sneak_time":13224,"minecraft:walk_under_water_one_cm":8255,"minecraft:boat_one_cm":63770,"minecraft:interact_with_blast_furnace":30,"minecraft:total_world_time":353742,"minecraft:time_since_rest":55874,"minecraft:damage_taken":4826,"minecraft:swim_one_cm":23578,"minecraft:fly_one_cm":1002909,"minecraft:open_chest":255,"minecraft:fall_one_cm":114083}},"DataVersion":3465}