{"stats":{"minecraft:killed":{"soulsweapons:night_shade":5,"minecraft:cave_spider":2,"minecraft:spider":3,"minecraft:skeleton":30,"minecraft:piglin_brute":13,"artifacts:mimic":1,"minecraft:magma_cube":53,"minecraft:piglin":22,"minecraft:creeper":2,"minecraft:pillager":4,"minecraft:zombie":13,"minecraft:ghast":1,"minecraft:blaze":5,"minecraft:husk":5,"soulsweapons:draugr_boss":1,"minecraft:frog":2},"minecraft:mined":{"minecraft:spruce_planks":3,"minecraft:jungle_slab":1,"minecraft:cobblestone_stairs":1,"minecraft:obsidian":2,"minecraft:granite":27,"minecraft:grass_block":7,"minecraft:cracked_polished_blackstone_bricks":18,"minecraft:polished_blackstone_brick_slab":6,"minecraft:nether_wart":2,"minecraft:gilded_blackstone":6,"minecraft:spawner":4,"minecraft:polished_blackstone_bricks":19,"minecraft:iron_ore":91,"minecraft:fire":2,"minecraft:blackstone":21,"soulsweapons:verglas_ore_deepslate":6,"minecraft:torch":9,"minecraft:note_block":1,"minecraft:blast_furnace":6,"minecraft:cobblestone":8,"minecraft:cyan_bed":1,"minecraft:wall_torch":10,"minecraft:skeleton_skull":1,"minecraft:wheat":42,"minecraft:grass":4,"minecraft:oak_log":26,"minecraft:beetroots":1,"minecraft:sand":6,"minecraft:dirt":11,"minecraft:netherrack":49,"minecraft:ancient_debris":4,"minecraft:oak_leaves":2,"minecraft:deepslate":323,"minecraft:emerald_block":1,"minecraft:tuff":24,"minecraft:deepslate_diamond_ore":47,"minecraft:jungle_planks":3,"ecologics:coconut_log":8,"minecraft:large_fern":1,"minecraft:hay_block":2,"minecraft:furnace":5,"minecraft:carrots":12,"minecraft:andesite":48,"minecraft:gold_block":43,"soulsweapons:moonstone_ore_deepslate":20,"minecraft:potatoes":40,"minecraft:deepslate_iron_ore":26,"minecraft:stone":306,"minecraft:smithing_table":1,"minecraft:soul_sand":1,"minecraft:basalt":9,"minecraft:polished_blackstone_brick_wall":3,"minecraft:crafting_table":5,"minecraft:emerald_ore":3,"minecraft:copper_ore":5,"minecraft:deepslate_coal_ore":5,"minecraft:deepslate_gold_ore":8,"minecraft:polished_blackstone_brick_stairs":7,"minecraft:diorite":27,"supplementaries:urn":24,"minecraft:sweet_berry_bush":17,"minecraft:coal_ore":137,"minecraft:gravel":6,"minecraft:lodestone":2,"minecraft:cobweb":11,"minecraft:cracked_stone_bricks":1,"minecraft:polished_blackstone":3,"minecraft:polished_andesite":5,"minecraft:stone_bricks":1},"minecraft:broken":{"minecraft:stone_pickaxe":1,"minecraft:iron_pickaxe":2},"minecraft:used":{"mcdw:sword_dark_katana":9,"minecraft:chest":2,"minecraft:shield":3,"minecraft:iron_sword":15,"supplementaries:globe":2,"minecraft:carrot":33,"minecraft:obsidian":10,"mcdw:crossbow_scatter_crossbow":16,"soulsweapons:draugr":6,"simplyswords:netherite_scythe":81,"minecraft:furnace":2,"minecraft:oak_sapling":1,"minecraft:potato":23,"minecraft:diorite":7,"minecraft:diamond_boots":1,"minecraft:stone_pickaxe":340,"mcdw:pick_mountaineer_pick":5,"minecraft:oak_planks":14,"minecraft:ender_pearl":1,"minecraft:sand":2,"minecraft:blast_furnace":2,"minecraft:cyan_bed":1,"minecraft:bread":32,"minecraft:gravel":6,"ecologics:coconut_slice":3,"minecraft:wooden_sword":17,"minecraft:smithing_table":1,"minecraft:andesite":38,"minecraft:oak_boat":2,"minecraft:bone_meal":45,"mcdw:crossbow_firebolt_thrower":3,"minecraft:stone_sword":58,"minecraft:spruce_planks":3,"minecraft:stick":1,"minecraft:torch":90,"minecraft:dirt":11,"minecraft:anvil":1,"minecraft:diamond_helmet":1,"minecraft:granite":2,"minecraft:wooden_axe":1,"simplyswords:diamond_scythe":216,"mcdw:spear_whispering_spear":90,"minecraft:diamond_chestplate":1,"minecraft:netherite_pickaxe":9,"minecraft:baked_potato":32,"soulsweapons:moonstone_pickaxe":347,"minecraft:polished_blackstone_bricks":2,"minecraft:gilded_blackstone":3,"mcdw:sword_the_starless_night":43,"minecraft:crafting_table":5,"supplementaries:bomb":1,"minecraft:spruce_log":1,"minecraft:smoker":2,"minecraft:diamond_pickaxe":31,"minecraft:apple":1,"minecraft:cracked_polished_blackstone_bricks":1,"minecraft:iron_pickaxe":676,"minecraft:stone_axe":38,"minecraft:cobblestone":244,"minecraft:white_banner":1,"minecraft:diamond_leggings":1},"minecraft:picked_up":{"minecraft:wooden_axe":2,"minecraft:iron_chestplate":1,"minecraft:wheat":38,"soulsweapons:lord_soul_dark":1,"minecraft:smithing_table":1,"soulsweapons:moonstone":21,"minecraft:enchanted_book":1,"minecraft:gilded_blackstone":6,"minecraft:polished_blackstone_brick_stairs":7,"minecraft:string":24,"minecraft:raw_copper":28,"simplyswords:diamond_scythe":1,"minecraft:zombie_head":2,"minecraft:cobbled_deepslate":338,"minecraft:gold_nugget":24,"minecraft:spruce_planks":3,"minecraft:iron_pickaxe":1,"minecraft:furnace":5,"minecraft:polished_blackstone_brick_slab":3,"minecraft:stick":1,"minecraft:torch":38,"minecraft:golden_axe":1,"minecraft:pointed_dripstone":1,"minecraft:diorite":21,"minecraft:rotten_flesh":19,"supplementaries:antique_ink":3,"ecologics:coconut_log":9,"supplementaries:ash":33,"minecraft:blaze_rod":2,"minecraft:obsidian":2,"minecraft:cobblestone":327,"minecraft:feather":5,"minecraft:andesite":41,"minecraft:potato":159,"minecraft:flint":1,"minecraft:tuff":24,"supplementaries:flax_seeds":6,"minecraft:dirt":24,"minecraft:leather_boots":1,"minecraft:bone":46,"minecraft:wheat_seeds":255,"minecraft:raw_gold":11,"minecraft:diamond_helmet":2,"minecraft:oak_planks":1,"minecraft:jungle_planks":3,"minecraft:sand":5,"minecraft:cyan_bed":1,"naturalist:duck_egg":2,"minecraft:jungle_slab":1,"minecraft:polished_andesite":5,"minecraft:diamond":47,"minecraft:cracked_polished_blackstone_bricks":17,"minecraft:granite":27,"soulsweapons:verglas":6,"minecraft:bread":1,"minecraft:emerald":13,"minecraft:oak_sapling":1,"minecraft:netherrack":47,"minecraft:crafting_table":5,"minecraft:gold_block":42,"minecraft:flint_and_steel":1,"minecraft:blackstone":15,"minecraft:cracked_stone_bricks":2,"minecraft:oak_boat":3,"minecraft:iron_nugget":41,"minecraft:egg":1,"minecraft:raw_iron":122,"ecologics:coconut_slice":4,"minecraft:note_block":1,"minecraft:polished_blackstone_bricks":18,"minecraft:carrot":57,"minecraft:stone_pressure_plate":2,"minecraft:arrow":23,"minecraft:beetroot_seeds":9,"minecraft:jungle_stairs":1,"minecraft:diamond_boots":1,"minecraft:hay_block":2,"artifacts:running_shoes":1,"soulsweapons:draugr":1,"minecraft:polished_blackstone":2,"minecraft:skeleton_skull":2,"minecraft:basalt":8,"soulsweapons:essence_of_eventide":1,"minecraft:oak_log":26,"minecraft:ancient_debris":4,"minecraft:golden_boots":1,"minecraft:gunpowder":3,"minecraft:cobblestone_stairs":1,"minecraft:white_banner":3,"minecraft:stone_bricks":1,"minecraft:gray_carpet":1,"minecraft:iron_sword":1,"minecraft:emerald_block":1,"minecraft:sweet_berries":31,"minecraft:gravel":23,"minecraft:blast_furnace":6,"minecraft:spruce_log":1,"minecraft:spider_eye":1,"minecraft:stone_axe":1,"minecraft:polished_blackstone_brick_wall":3,"minecraft:lodestone":1,"mcda:red_mystery_armor_leggings":1,"minecraft:coal":175},"minecraft:crafted":{"minecraft:smooth_stone":6,"minecraft:oak_planks":104,"mcdw:sword_dark_katana":1,"usefulbackpacks:backpack_small":1,"minecraft:stone":6,"minecraft:diamond_helmet":1,"minecraft:diamond_leggings":1,"minecraft:iron_boots":1,"minecraft:chest":2,"mcdw:spear_whispering_spear":1,"minecraft:smoker":2,"minecraft:crafting_table":1,"minecraft:iron_helmet":1,"minecraft:baked_potato":62,"mcdw:sword_obsidian_claymore":1,"simplyswords:netherite_scythe":1,"mcdw:sword_the_starless_night":1,"minecraft:iron_chestplate":1,"minecraft:diamond_pickaxe":2,"minecraft:stick":60,"usefulbackpacks:backpack_large":1,"minecraft:iron_ingot":163,"minecraft:iron_pickaxe":4,"minecraft:iron_block":4,"minecraft:stone_sword":1,"minecraft:gold_ingot":11,"minecraft:netherite_ingot":2,"mcdw:sword_claymore":1,"minecraft:wooden_sword":1,"simplyswords:diamond_scythe":1,"minecraft:furnace":2,"minecraft:blast_furnace":2,"minecraft:bone_meal":45,"minecraft:stone_pickaxe":5,"mcdw:sword_broadsword":1,"minecraft:diamond_boots":1,"soulsweapons:moonstone_pickaxe":1,"usefulbackpacks:backpack_medium":1,"minecraft:netherite_scrap":8,"minecraft:wheat":18,"minecraft:netherite_pickaxe":1,"minecraft:iron_sword":1,"minecraft:stone_axe":1,"mcdw:sword_katana":1,"minecraft:bread":18,"minecraft:air":0,"minecraft:oak_boat":1,"minecraft:wooden_axe":1,"minecraft:iron_leggings":1,"minecraft:anvil":1,"minecraft:torch":64,"mcdw:sword_masters_katana":1,"minecraft:diamond_chestplate":1},"minecraft:dropped":{"minecraft:iron_sword":1,"minecraft:baked_potato":28,"minecraft:jungle_planks":2,"minecraft:cracked_stone_bricks":2,"minecraft:polished_blackstone_brick_wall":2,"minecraft:cobblestone_stairs":1,"minecraft:dirt":4,"minecraft:polished_blackstone_brick_stairs":3,"minecraft:gold_nugget":24,"minecraft:wooden_sword":1,"minecraft:polished_blackstone_bricks":2,"minecraft:iron_pickaxe":2,"minecraft:bone":4,"minecraft:gravel":16,"minecraft:stone_axe":2,"minecraft:blackstone":1,"minecraft:golden_chestplate":1,"ecologics:coconut_log":1,"soulsweapons:moonstone":1,"minecraft:pointed_dripstone":2,"minecraft:rotten_flesh":7,"minecraft:carrot":11,"supplementaries:antique_ink":3,"mcda:red_mystery_armor_leggings":1,"supplementaries:flax_seeds":6,"supplementaries:ash":7,"minecraft:jungle_stairs":1,"minecraft:beetroot_seeds":16,"minecraft:leather_boots":2,"minecraft:arrow":3,"minecraft:golden_boots":1,"minecraft:wheat_seeds":292,"minecraft:iron_helmet":1,"minecraft:cobblestone":1,"minecraft:granite":8,"minecraft:polished_andesite":5,"minecraft:diorite":11,"minecraft:wooden_axe":2,"minecraft:diamond_helmet":2,"minecraft:zombie_head":1,"minecraft:white_banner":1,"minecraft:gray_carpet":1,"minecraft:raw_copper":15,"minecraft:iron_boots":1,"minecraft:filled_map":2,"minecraft:diamond_chestplate":1,"minecraft:iron_chestplate":1,"minecraft:andesite":3,"minecraft:oak_boat":1,"minecraft:stone_pressure_plate":2,"minecraft:spider_eye":2,"minecraft:diamond_boots":1,"simplyswords:diamond_scythe":1,"minecraft:stone_pickaxe":3},"minecraft:custom":{"minecraft:interact_with_crafting_table":46,"minecraft:open_barrel":24,"minecraft:leave_game":7,"minecraft:time_since_death":283551,"minecraft:sprint_one_cm":384173,"minecraft:damage_blocked_by_shield":90,"minecraft:drop":101,"minecraft:play_noteblock":1,"minecraft:talked_to_villager":1,"minecraft:play_time":283551,"minecraft:jump":3386,"minecraft:walk_on_water_one_cm":19186,"minecraft:interact_with_furnace":24,"minecraft:sleep_in_bed":7,"minecraft:damage_dealt":29485,"minecraft:crouch_one_cm":24913,"minecraft:interact_with_smoker":26,"minecraft:interact_with_smithing_table":5,"minecraft:mob_kills":169,"minecraft:interact_with_anvil":4,"minecraft:climb_one_cm":4128,"minecraft:walk_one_cm":515082,"minecraft:sneak_time":11469,"minecraft:walk_under_water_one_cm":7950,"minecraft:boat_one_cm":46898,"minecraft:interact_with_blast_furnace":23,"minecraft:total_world_time":283551,"minecraft:time_since_rest":119,"minecraft:damage_taken":3298,"minecraft:swim_one_cm":21744,"minecraft:fly_one_cm":779554,"minecraft:open_chest":184,"minecraft:fall_one_cm":81369}},"DataVersion":3465}