{"stats":{"minecraft:mined":{"minecraft:tuff":24,"minecraft:spruce_planks":3,"minecraft:deepslate_diamond_ore":47,"minecraft:jungle_slab":1,"minecraft:cobblestone_stairs":1,"minecraft:obsidian":2,"minecraft:granite":27,"minecraft:grass_block":7,"minecraft:jungle_planks":3,"minecraft:cracked_polished_blackstone_bricks":18,"minecraft:polished_blackstone_brick_slab":6,"ecologics:coconut_log":8,"minecraft:nether_wart":2,"minecraft:spawner":3,"minecraft:gilded_blackstone":6,"minecraft:large_fern":1,"minecraft:hay_block":2,"minecraft:polished_blackstone_bricks":19,"minecraft:furnace":5,"minecraft:carrots":12,"minecraft:iron_ore":91,"minecraft:fire":2,"minecraft:andesite":48,"minecraft:gold_block":43,"soulsweapons:moonstone_ore_deepslate":20,"minecraft:potatoes":40,"minecraft:deepslate_iron_ore":26,"minecraft:stone":306,"minecraft:smithing_table":1,"minecraft:soul_sand":1,"minecraft:blackstone":21,"soulsweapons:verglas_ore_deepslate":6,"minecraft:basalt":9,"minecraft:polished_blackstone_brick_wall":3,"minecraft:torch":9,"minecraft:crafting_table":5,"minecraft:copper_ore":5,"minecraft:cobblestone":8,"minecraft:deepslate_coal_ore":5,"minecraft:deepslate_gold_ore":8,"minecraft:cyan_bed":1,"minecraft:polished_blackstone_brick_stairs":7,"minecraft:wall_torch":10,"minecraft:diorite":27,"minecraft:skeleton_skull":1,"supplementaries:urn":24,"minecraft:sweet_berry_bush":11,"minecraft:wheat":42,"minecraft:grass":3,"minecraft:coal_ore":137,"minecraft:oak_log":26,"minecraft:beetroots":1,"minecraft:gravel":6,"minecraft:sand":6,"minecraft:dirt":11,"minecraft:lodestone":2,"minecraft:cobweb":11,"minecraft:cracked_stone_bricks":1,"minecraft:ancient_debris":2,"minecraft:stone_bricks":1,"minecraft:polished_andesite":5,"minecraft:polished_blackstone":3,"minecraft:netherrack":4,"minecraft:oak_leaves":2,"minecraft:deepslate":323},"minecraft:dropped":{"minecraft:golden_boots":1,"minecraft:iron_sword":1,"minecraft:wheat_seeds":292,"minecraft:baked_potato":28,"minecraft:iron_helmet":1,"minecraft:cobblestone":1,"minecraft:jungle_planks":2,"minecraft:granite":8,"minecraft:cracked_stone_bricks":2,"minecraft:polished_blackstone_brick_wall":2,"minecraft:cobblestone_stairs":1,"minecraft:polished_andesite":5,"minecraft:dirt":4,"minecraft:diorite":11,"minecraft:polished_blackstone_brick_stairs":3,"minecraft:wooden_axe":2,"minecraft:zombie_head":1,"minecraft:diamond_helmet":2,"minecraft:wooden_sword":1,"minecraft:gold_nugget":24,"minecraft:white_banner":1,"minecraft:polished_blackstone_bricks":2,"minecraft:iron_pickaxe":2,"minecraft:bone":4,"minecraft:gravel":16,"minecraft:stone_axe":1,"minecraft:blackstone":1,"minecraft:golden_chestplate":1,"minecraft:raw_copper":15,"minecraft:pointed_dripstone":2,"ecologics:coconut_log":1,"soulsweapons:moonstone":1,"minecraft:rotten_flesh":7,"minecraft:iron_boots":1,"minecraft:carrot":11,"supplementaries:antique_ink":3,"minecraft:filled_map":2,"mcda:red_mystery_armor_leggings":1,"supplementaries:flax_seeds":6,"supplementaries:ash":7,"minecraft:diamond_chestplate":1,"minecraft:iron_chestplate":1,"minecraft:jungle_stairs":1,"minecraft:andesite":3,"minecraft:beetroot_seeds":16,"minecraft:leather_boots":2,"minecraft:oak_boat":1,"minecraft:spider_eye":2,"minecraft:diamond_boots":1,"minecraft:arrow":3,"minecraft:stone_pickaxe":3,"simplyswords:diamond_scythe":1},"minecraft:used":{"minecraft:stone_sword":58,"minecraft:chest":2,"minecraft:spruce_planks":3,"minecraft:shield":3,"minecraft:iron_sword":15,"minecraft:stick":1,"supplementaries:globe":2,"minecraft:torch":90,"minecraft:dirt":11,"minecraft:diamond_helmet":1,"minecraft:carrot":33,"minecraft:granite":2,"minecraft:obsidian":10,"minecraft:wooden_axe":1,"mcdw:crossbow_scatter_crossbow":16,"simplyswords:diamond_scythe":216,"minecraft:diamond_chestplate":1,"simplyswords:netherite_scythe":73,"minecraft:oak_sapling":1,"minecraft:furnace":2,"minecraft:netherite_pickaxe":9,"minecraft:potato":23,"minecraft:diorite":7,"minecraft:diamond_boots":1,"minecraft:baked_potato":27,"minecraft:stone_pickaxe":340,"minecraft:oak_planks":14,"mcdw:pick_mountaineer_pick":5,"minecraft:ender_pearl":1,"soulsweapons:moonstone_pickaxe":286,"minecraft:polished_blackstone_bricks":2,"minecraft:gilded_blackstone":3,"minecraft:sand":2,"minecraft:crafting_table":5,"supplementaries:bomb":1,"minecraft:blast_furnace":2,"minecraft:spruce_log":1,"minecraft:smoker":2,"minecraft:diamond_pickaxe":25,"minecraft:apple":1,"minecraft:iron_pickaxe":676,"minecraft:cracked_polished_blackstone_bricks":1,"minecraft:bread":32,"minecraft:cyan_bed":1,"minecraft:gravel":6,"minecraft:stone_axe":38,"ecologics:coconut_slice":3,"minecraft:wooden_sword":17,"minecraft:cobblestone":244,"minecraft:white_banner":1,"minecraft:smithing_table":1,"minecraft:andesite":38,"minecraft:oak_boat":2,"minecraft:diamond_leggings":1,"minecraft:bone_meal":45,"mcdw:crossbow_firebolt_thrower":3},"minecraft:crafted":{"minecraft:wooden_sword":1,"minecraft:smooth_stone":6,"minecraft:oak_planks":104,"simplyswords:diamond_scythe":1,"minecraft:furnace":2,"minecraft:blast_furnace":2,"minecraft:stone":6,"minecraft:bone_meal":45,"minecraft:diamond_helmet":1,"minecraft:diamond_leggings":1,"minecraft:iron_boots":1,"minecraft:stone_pickaxe":5,"minecraft:chest":2,"minecraft:diamond_boots":1,"soulsweapons:moonstone_pickaxe":1,"minecraft:smoker":2,"minecraft:wheat":18,"minecraft:netherite_pickaxe":1,"minecraft:crafting_table":1,"minecraft:iron_helmet":1,"minecraft:baked_potato":62,"minecraft:iron_sword":1,"minecraft:stone_axe":1,"minecraft:bread":18,"minecraft:air":0,"simplyswords:netherite_scythe":1,"minecraft:oak_boat":1,"minecraft:iron_chestplate":1,"minecraft:diamond_pickaxe":2,"minecraft:stick":60,"minecraft:iron_pickaxe":4,"minecraft:iron_ingot":119,"minecraft:wooden_axe":1,"minecraft:stone_sword":1,"minecraft:iron_leggings":1,"minecraft:gold_ingot":11,"minecraft:torch":64,"minecraft:diamond_chestplate":1},"minecraft:picked_up":{"minecraft:wooden_axe":2,"minecraft:iron_chestplate":1,"minecraft:crafting_table":5,"minecraft:wheat":38,"minecraft:smithing_table":1,"soulsweapons:moonstone":21,"minecraft:gold_block":42,"minecraft:enchanted_book":1,"minecraft:gilded_blackstone":6,"minecraft:polished_blackstone_brick_stairs":7,"minecraft:string":24,"minecraft:raw_copper":28,"minecraft:flint_and_steel":1,"simplyswords:diamond_scythe":1,"minecraft:zombie_head":2,"minecraft:blackstone":15,"minecraft:cracked_stone_bricks":2,"minecraft:gold_nugget":24,"minecraft:cobbled_deepslate":338,"minecraft:spruce_planks":3,"minecraft:oak_boat":3,"minecraft:iron_nugget":41,"minecraft:iron_pickaxe":1,"minecraft:furnace":5,"minecraft:egg":1,"minecraft:polished_blackstone_brick_slab":3,"minecraft:stick":1,"minecraft:raw_iron":122,"ecologics:coconut_slice":4,"minecraft:torch":38,"minecraft:polished_blackstone_bricks":18,"minecraft:golden_axe":1,"minecraft:pointed_dripstone":1,"minecraft:diorite":21,"minecraft:carrot":54,"minecraft:arrow":12,"minecraft:rotten_flesh":15,"minecraft:beetroot_seeds":9,"minecraft:jungle_stairs":1,"ecologics:coconut_log":9,"minecraft:diamond_boots":1,"supplementaries:antique_ink":3,"minecraft:hay_block":2,"artifacts:running_shoes":1,"minecraft:polished_blackstone":2,"supplementaries:ash":33,"minecraft:blaze_rod":2,"minecraft:obsidian":2,"minecraft:skeleton_skull":1,"minecraft:cobblestone":327,"minecraft:basalt":8,"minecraft:andesite":41,"minecraft:potato":159,"minecraft:flint":1,"minecraft:tuff":24,"minecraft:oak_log":26,"minecraft:ancient_debris":2,"supplementaries:flax_seeds":6,"minecraft:golden_boots":1,"minecraft:gunpowder":1,"minecraft:cobblestone_stairs":1,"minecraft:dirt":24,"minecraft:white_banner":2,"minecraft:leather_boots":1,"minecraft:bone":25,"minecraft:stone_bricks":1,"minecraft:wheat_seeds":255,"minecraft:raw_gold":11,"minecraft:diamond_helmet":2,"minecraft:iron_sword":1,"minecraft:oak_planks":1,"minecraft:sweet_berries":30,"minecraft:gravel":23,"minecraft:sand":5,"minecraft:jungle_planks":3,"minecraft:spruce_log":1,"minecraft:cyan_bed":1,"minecraft:jungle_slab":1,"minecraft:spider_eye":1,"naturalist:duck_egg":2,"minecraft:polished_andesite":5,"minecraft:diamond":47,"minecraft:stone_axe":1,"minecraft:cracked_polished_blackstone_bricks":17,"minecraft:granite":27,"soulsweapons:verglas":6,"minecraft:polished_blackstone_brick_wall":3,"minecraft:bread":1,"minecraft:emerald":10,"minecraft:lodestone":1,"minecraft:oak_sapling":1,"minecraft:netherrack":4,"mcda:red_mystery_armor_leggings":1,"minecraft:coal":175},"minecraft:custom":{"minecraft:interact_with_smithing_table":4,"minecraft:mob_kills":135,"minecraft:interact_with_crafting_table":30,"minecraft:open_barrel":3,"minecraft:leave_game":4,"minecraft:time_since_death":220631,"minecraft:climb_one_cm":3582,"minecraft:sprint_one_cm":343067,"minecraft:walk_one_cm":406344,"minecraft:damage_blocked_by_shield":90,"minecraft:drop":97,"minecraft:talked_to_villager":1,"minecraft:play_time":220631,"minecraft:sneak_time":10266,"minecraft:walk_under_water_one_cm":2144,"minecraft:boat_one_cm":46898,"minecraft:jump":3029,"minecraft:interact_with_blast_furnace":17,"minecraft:walk_on_water_one_cm":17733,"minecraft:total_world_time":220631,"minecraft:interact_with_furnace":24,"minecraft:sleep_in_bed":3,"minecraft:time_since_rest":81958,"minecraft:damage_taken":3219,"minecraft:damage_dealt":19642,"minecraft:swim_one_cm":14426,"minecraft:fly_one_cm":451517,"minecraft:open_chest":110,"minecraft:crouch_one_cm":23390,"minecraft:interact_with_smoker":26,"minecraft:fall_one_cm":78126},"minecraft:killed":{"minecraft:cave_spider":2,"minecraft:spider":3,"minecraft:skeleton":16,"minecraft:piglin_brute":13,"artifacts:mimic":1,"minecraft:magma_cube":53,"minecraft:piglin":22,"minecraft:creeper":1,"minecraft:pillager":2,"minecraft:zombie":10,"minecraft:ghast":1,"minecraft:blaze":5},"minecraft:broken":{"minecraft:stone_pickaxe":1,"minecraft:iron_pickaxe":2}},"DataVersion":3465}