{"stats":{"minecraft:used":{"minecraft:polished_blackstone_brick_slab":2,"minecraft:flint_and_steel":1,"minecraft:stone_shovel":207,"minecraft:polished_blackstone":3,"minecraft:chest":3,"minecraft:spruce_planks":1,"minecraft:shield":5,"minecraft:iron_sword":147,"minecraft:netherrack":13,"minecraft:orange_bed":2,"minecraft:torch":106,"minecraft:brewing_stand":1,"minecraft:dirt":26,"minecraft:jungle_planks":3,"ecologics:crab_meat":1,"minecraft:carrot":9,"minecraft:jungle_slab":1,"minecraft:iron_hoe":26,"minecraft:polished_blackstone_brick_wall":2,"minecraft:polished_blackstone_brick_stairs":2,"minecraft:sweet_berries":28,"supplementaries:ash":1,"minecraft:furnace":1,"minecraft:cooked_beef":7,"minecraft:potato":25,"minecraft:iron_leggings":3,"minecraft:water_bucket":7,"minecraft:lodestone":2,"minecraft:stone_pickaxe":141,"minecraft:baked_potato":11,"minecraft:jungle_fence":1,"minecraft:oak_planks":56,"minecraft:blackstone":8,"minecraft:wooden_pickaxe":118,"minecraft:gilded_blackstone":2,"minecraft:polished_blackstone_bricks":19,"minecraft:mossy_cobblestone":1,"minecraft:sand":14,"minecraft:crafting_table":1,"minecraft:blast_furnace":2,"minecraft:cracked_polished_blackstone_bricks":1,"minecraft:iron_pickaxe":210,"minecraft:bread":10,"minecraft:jungle_stairs":1,"mcda:red_mystery_armor_leggings":4,"minecraft:stone_axe":59,"minecraft:wooden_sword":37,"minecraft:cobblestone":78,"minecraft:white_banner":1,"minecraft:porkchop":1,"minecraft:bucket":10,"minecraft:experience_bottle":1},"minecraft:dropped":{"minecraft:enchanted_book":1,"minecraft:bread":1,"ecologics:crab_meat":1,"minecraft:cobblestone":17,"minecraft:spruce_stairs":2,"minecraft:dirt":12,"minecraft:zombie_head":1,"minecraft:pumpkin":1,"minecraft:sand":3,"minecraft:iron_pickaxe":1,"minecraft:spruce_sapling":2,"minecraft:bone":1,"minecraft:stone_axe":1,"soulsweapons:moonstone":1,"minecraft:rotten_flesh":10,"minecraft:flint_and_steel":1,"mcda:red_mystery_armor_leggings":2,"supplementaries:ash":1,"minecraft:spruce_planks":1,"minecraft:arrow":2,"simplyswords:diamond_scythe":1},"minecraft:mined":{"minecraft:tuff":15,"minecraft:spruce_planks":5,"minecraft:mossy_cobblestone":3,"minecraft:deepslate_diamond_ore":1,"minecraft:jungle_slab":1,"minecraft:brewing_stand":1,"minecraft:grass_block":51,"minecraft:jungle_planks":4,"minecraft:cracked_polished_blackstone_bricks":2,"minecraft:polished_blackstone_brick_slab":3,"ecologics:coconut_log":10,"minecraft:nether_wart":15,"minecraft:gilded_blackstone":3,"minecraft:spawner":1,"minecraft:polished_blackstone_bricks":19,"minecraft:redstone_ore":14,"minecraft:carrots":11,"minecraft:iron_ore":18,"minecraft:fire":6,"minecraft:pumpkin":1,"minecraft:deepslate_lapis_ore":5,"minecraft:gold_block":4,"minecraft:pointed_dripstone":1,"minecraft:potatoes":6,"minecraft:deepslate_iron_ore":7,"ecologics:walnut_log":3,"minecraft:stone":114,"minecraft:orange_bed":2,"minecraft:deepslate_redstone_ore":9,"minecraft:blackstone":15,"soulsweapons:verglas_ore_deepslate":1,"minecraft:soul_fire":2,"minecraft:polished_blackstone_brick_wall":8,"minecraft:jungle_stairs":1,"minecraft:blast_furnace":2,"minecraft:emerald_ore":15,"ecologics:walnut_leaves":3,"minecraft:chest":1,"minecraft:nether_quartz_ore":2,"minecraft:cobblestone":12,"minecraft:polished_blackstone_brick_stairs":2,"minecraft:deepslate_gold_ore":11,"minecraft:oak_planks":17,"minecraft:wall_torch":1,"supplementaries:urn":5,"minecraft:spruce_stairs":2,"minecraft:wheat":12,"minecraft:sweet_berry_bush":16,"minecraft:spruce_log":1,"minecraft:jungle_fence":1,"minecraft:grass":100,"minecraft:oak_log":14,"minecraft:coal_ore":70,"minecraft:beetroots":1,"minecraft:gravel":6,"minecraft:sand":145,"minecraft:dirt":18,"minecraft:cobweb":10,"minecraft:cracked_stone_bricks":3,"minecraft:polished_blackstone":8,"minecraft:stone_bricks":3,"minecraft:netherrack":21,"minecraft:mossy_stone_bricks":2,"minecraft:oak_leaves":1,"minecraft:deepslate":55},"minecraft:broken":{"minecraft:wooden_pickaxe":2,"minecraft:stone_pickaxe":2,"minecraft:iron_pickaxe":1,"minecraft:stone_shovel":1},"minecraft:crafted":{"minecraft:oak_planks":56,"minecraft:stone_shovel":2,"ecologics:coconut_planks":40,"ecologics:walnut_planks":12,"minecraft:furnace":1,"minecraft:flint_and_steel":1,"minecraft:iron_hoe":1,"minecraft:stone_pickaxe":1,"minecraft:chest":2,"ecologics:crab_meat":1,"minecraft:cooked_beef":7,"minecraft:crafting_table":1,"minecraft:wooden_pickaxe":2,"minecraft:baked_potato":37,"minecraft:iron_sword":1,"minecraft:bucket":3,"minecraft:stone_axe":1,"minecraft:bread":2,"minecraft:air":0,"minecraft:iron_chestplate":1,"minecraft:stick":88,"minecraft:iron_ingot":27,"minecraft:iron_pickaxe":2,"minecraft:iron_block":1,"minecraft:iron_leggings":1,"minecraft:torch":188},"minecraft:killed":{"minecraft:spider":3,"minecraft:slime":1,"creeperoverhaul:snowy_creeper":1,"minecraft:skeleton":9,"ecologics:coconut_crab":1,"minecraft:wolf":1,"minecraft:pig":1,"minecraft:zombie_villager":1,"minecraft:zombie":15,"minecraft:blaze":2,"minecraft:cow":3},"minecraft:picked_up":{"minecraft:iron_chestplate":2,"minecraft:wheat":8,"minecraft:nether_wart":16,"minecraft:gold_block":4,"soulsweapons:moonstone":1,"minecraft:gilded_blackstone":3,"minecraft:brewing_stand":1,"minecraft:shield":1,"minecraft:polished_blackstone_brick_stairs":3,"minecraft:string":8,"simplyswords:diamond_scythe":1,"minecraft:blackstone":9,"minecraft:zombie_head":1,"minecraft:beetroot":2,"minecraft:cracked_stone_bricks":2,"minecraft:cobbled_deepslate":34,"minecraft:spruce_planks":2,"minecraft:beef":7,"minecraft:iron_pickaxe":6,"minecraft:chest":1,"ecologics:crab_claw":1,"minecraft:iron_boots":2,"minecraft:polished_blackstone_brick_slab":3,"minecraft:raw_iron":25,"ecologics:walnut_log":3,"minecraft:torch":51,"minecraft:spruce_stairs":2,"minecraft:porkchop":1,"minecraft:polished_blackstone_bricks":19,"minecraft:pointed_dripstone":1,"minecraft:carrot":60,"minecraft:redstone":106,"minecraft:golden_chestplate":1,"minecraft:orange_bed":2,"minecraft:diamond_chestplate":1,"minecraft:stone_shovel":1,"minecraft:arrow":11,"minecraft:rotten_flesh":13,"minecraft:beetroot_seeds":5,"minecraft:jungle_stairs":1,"minecraft:diamond_boots":1,"ecologics:coconut_log":10,"minecraft:polished_blackstone":5,"supplementaries:ash":15,"minecraft:blaze_rod":2,"minecraft:white_wool":2,"minecraft:cobblestone":120,"minecraft:leather":3,"minecraft:jungle_fence":1,"minecraft:potato":20,"minecraft:flint":1,"minecraft:tuff":2,"minecraft:oak_log":14,"supplementaries:flax_seeds":2,"minecraft:golden_boots":1,"minecraft:gunpowder":2,"minecraft:lapis_lazuli":33,"minecraft:dirt":64,"minecraft:white_banner":1,"minecraft:bone":9,"minecraft:stone_bricks":1,"minecraft:wheat_seeds":39,"minecraft:raw_gold":11,"minecraft:iron_ingot":1,"minecraft:mossy_stone_bricks":2,"minecraft:diamond_helmet":1,"ecologics:crab_meat":1,"minecraft:iron_sword":3,"minecraft:oak_planks":16,"minecraft:ghast_tear":1,"minecraft:pumpkin":1,"minecraft:sweet_berries":59,"minecraft:quartz":2,"minecraft:gravel":4,"minecraft:jungle_planks":3,"minecraft:sand":137,"minecraft:spruce_sapling":2,"minecraft:blast_furnace":2,"minecraft:jungle_slab":1,"minecraft:spider_eye":2,"minecraft:mossy_cobblestone":2,"minecraft:slime_ball":2,"minecraft:diamond":1,"minecraft:cracked_polished_blackstone_bricks":2,"minecraft:iron_helmet":1,"minecraft:polished_blackstone_brick_wall":7,"soulsweapons:verglas":1,"minecraft:emerald":15,"minecraft:baked_potato":65,"minecraft:netherrack":15,"mcda:red_mystery_armor_leggings":2,"minecraft:coal":73},"minecraft:killed_by":{"minecraft:piglin_brute":1},"minecraft:custom":{"minecraft:interact_with_smithing_table":2,"minecraft:mob_kills":40,"minecraft:interact_with_crafting_table":22,"minecraft:open_barrel":2,"minecraft:leave_game":4,"minecraft:time_since_death":6545,"minecraft:climb_one_cm":4802,"minecraft:sprint_one_cm":404080,"minecraft:walk_one_cm":424320,"minecraft:damage_blocked_by_shield":155,"minecraft:drop":47,"minecraft:play_time":159348,"minecraft:deaths":4,"minecraft:sneak_time":4209,"minecraft:walk_under_water_one_cm":4746,"minecraft:interact_with_brewingstand":3,"minecraft:jump":1967,"minecraft:interact_with_blast_furnace":6,"minecraft:walk_on_water_one_cm":13632,"minecraft:total_world_time":159348,"minecraft:interact_with_furnace":24,"minecraft:interact_with_cartography_table":2,"minecraft:sleep_in_bed":2,"minecraft:time_since_rest":6590,"minecraft:damage_taken":3075,"minecraft:damage_dealt":8592,"minecraft:swim_one_cm":25357,"minecraft:fly_one_cm":252582,"minecraft:open_chest":92,"minecraft:crouch_one_cm":12344,"minecraft:interact_with_smoker":2,"minecraft:fall_one_cm":38414}},"DataVersion":3465}