{"stats":{"minecraft:killed":{"minecraft:skeleton":4,"minecraft:zombie":1},"minecraft:mined":{"minecraft:nether_gold_ore":4,"minecraft:soul_fire":42,"minecraft:crimson_roots":1,"minecraft:nether_quartz_ore":33,"supplementaries:blaze_rod":1,"minecraft:crimson_fungus":1,"minecraft:amethyst_block":2,"minecraft:iron_ore":1,"minecraft:fire":1,"minecraft:small_amethyst_bud":1,"minecraft:stone":1,"minecraft:netherrack":61},"minecraft:used":{"minecraft:baked_potato":10,"minecraft:oak_planks":1,"minecraft:shield":2,"minecraft:netherrack":89,"minecraft:soul_sand":3,"mcdw:sword_the_starless_night":11,"minecraft:bread":9,"minecraft:iron_pickaxe":103,"minecraft:wooden_sword":8,"minecraft:blaze_rod":1},"minecraft:picked_up":{"minecraft:leather":10,"minecraft:potion":3,"minecraft:crimson_fungus":1,"minecraft:ancient_debris":2,"minecraft:amethyst_block":2,"minecraft:string":34,"minecraft:wooden_sword":1,"minecraft:netherite_scrap":2,"minecraft:leather_boots":1,"minecraft:bone":8,"minecraft:gray_carpet":1,"minecraft:gold_nugget":12,"minecraft:spruce_planks":6,"minecraft:iron_ingot":50,"minecraft:soul_sand":16,"minecraft:raw_iron":1,"minecraft:quartz":29,"mcdw:sword_the_starless_night":1,"minecraft:gravel":9,"minecraft:porkchop":3,"minecraft:amethyst_shard":8,"minecraft:arrow":18,"minecraft:rotten_flesh":3,"minecraft:diamond":30,"artifacts:crystal_heart":1,"artifacts:panic_necklace":1,"soulsweapons:draugr":1,"minecraft:white_wool":13,"minecraft:blaze_rod":4,"minecraft:baked_potato":21,"minecraft:netherrack":655,"minecraft:obsidian":5,"minecraft:coal":3,"minecraft:crimson_roots":1,"minecraft:cobblestone":4},"minecraft:crafted":{"minecraft:iron_helmet":1,"minecraft:iron_sword":1,"usefulbackpacks:backpack_small":1,"mcdw:sword_obsidian_claymore":1,"minecraft:air":0,"mcdw:sword_the_starless_night":1,"minecraft:diamond_helmet":1,"minecraft:diamond_leggings":1,"minecraft:iron_chestplate":1,"minecraft:iron_boots":1,"minecraft:stick":4,"minecraft:iron_pickaxe":1,"minecraft:iron_block":1,"mcdw:sword_broadsword":1,"minecraft:diamond_boots":1,"minecraft:gold_ingot":9,"minecraft:iron_leggings":1,"usefulbackpacks:backpack_medium":1,"minecraft:netherite_ingot":1,"minecraft:netherite_scrap":7,"minecraft:shears":1,"mcdw:sword_iron_sword_var":1,"mcdw:sword_claymore":1,"minecraft:golden_boots":1,"minecraft:diamond_chestplate":1},"minecraft:dropped":{"minecraft:golden_boots":1,"mcdw:sword_the_starless_night":1,"minecraft:blaze_rod":3,"minecraft:baked_potato":1,"minecraft:iron_helmet":1,"minecraft:rotten_flesh":1,"minecraft:cobblestone":4,"minecraft:oak_planks":2,"minecraft:iron_boots":1,"minecraft:amethyst_block":2,"minecraft:coal":2,"minecraft:stick":1,"minecraft:iron_chestplate":1,"minecraft:leather_boots":2,"minecraft:potion":2,"soulsweapons:draugr":1,"minecraft:iron_leggings":1,"minecraft:wooden_sword":2,"artifacts:crystal_heart":1,"minecraft:arrow":18,"minecraft:gray_carpet":1,"minecraft:netherrack":9},"minecraft:custom":{"minecraft:interact_with_furnace":1,"minecraft:mob_kills":7,"minecraft:interact_with_crafting_table":22,"minecraft:leave_game":1,"minecraft:time_since_death":69877,"minecraft:sleep_in_bed":2,"minecraft:time_since_rest":24598,"minecraft:sprint_one_cm":170867,"minecraft:damage_taken":782,"minecraft:walk_one_cm":142784,"minecraft:damage_blocked_by_shield":135,"minecraft:drop":31,"minecraft:damage_dealt":1109,"minecraft:swim_one_cm":357,"minecraft:fly_one_cm":236873,"minecraft:open_chest":26,"minecraft:crouch_one_cm":4997,"minecraft:play_time":69877,"minecraft:sneak_time":1248,"minecraft:walk_under_water_one_cm":557,"minecraft:boat_one_cm":17093,"minecraft:jump":1184,"minecraft:interact_with_blast_furnace":3,"minecraft:walk_on_water_one_cm":3814,"minecraft:interact_with_smoker":2,"minecraft:total_world_time":69877,"minecraft:fall_one_cm":30631}},"DataVersion":3465}